{"photoTuningParameters":{"Version":"v7.7","HdrParameters":{"exposureMaskLargeMotionThresholdHighExp":[0.20000000298023224,0.17000000178813934,0.15000000596046448,0.11999999731779099],"exposureMaskLargeMotionThresholdLowExp":[0.20000000298023224,0.17000000178813934,0.15000000596046448,0.11999999731779099],"motionMaskLargeMotionThresholdLowExp":[0.20000000298023224,0.20000000298023224,0.20000000298023224,0.20000000298023224],"exposureMaskSmallMotionThresholdLowExp":[0.10000000149011612,0.07999999821186066,0.05999999865889549,0.03999999910593033],"motionMaskSmallMotionThresholdLowExp":[0.10000000149011612,0.029999999329447746,0.009999999776482582,0.009999999776482582],"minOverexposureThreshold":240,"adaptiveMotionThresholdsHigh":[0.800000011920929,1,1.399999976158142],"highMotionFallbackType":1,"exposureMaskSmallMotionThresholdHighExp":[0.10000000149011612,0.07999999821186066,0.05999999865889549,0.029999999329447746],"motionMaskSmallMotionThresholdHighExp":[0.10999999940395355,0.07000000029802322,0.029999999329447746,0.009999999776482582],"maxUnderexposureThreshold":8,"motionMaskLargeMotionThresholdHighExp":[0.15000000596046448,0.10000000149011612,0.05000000074505806,0.019999999552965164],"increaseMotionMaskEvmContribution":true,"adaptiveMotionThresholdsLow":[2.799999952316284,3.5,5],"maxOverexposureThreshold":252,"photometricAlignmentReferenceCorrection":true,"minUnderexposureThreshold":2,"alignmentType":1},"ColorEnhanceParameters":{"SingleImage":{"saturationType":1,"saturationGain":1.149999976158142,"temperature":0.5,"tint":0.5},"Lls":{"saturationType":1,"saturationGain":1,"temperature":0.5,"tint":0.5},"RawAiDenoise":{"saturationType":1,"saturationGain":1.149999976158142,"temperature":0.5,"tint":0.5199999809265137},"Hdr":{"saturationType":1,"saturationGain":1.100000023841858,"temperature":0.5,"tint":0.5}},"LlsParameters":{"denoiseStrengthYScale":[0.10000000149011612,1,1,1,1,1],"uvNoiseCoeffs":[3,3,3,3,3,3],"largeNoiseCoeffs":[3,3,3,3,3,3],"denoiseStrengthUvScale":[1,1,1,1,1,1],"denoiseStrengthYs":[2,2,2,2,2,2,1.7000000476837158,1.7000000476837158,1.7000000476837158,1.7000000476837158,1.7000000476837158,1.7000000476837158,1.2999999523162842,1.2999999523162842,1.2999999523162842,1.2999999523162842,1.2999999523162842,1.2999999523162842,1,1,1,1,1,1],"mediumNoiseCoeffs":[3,3,3,3,3,3],"useReferenceSelection":1,"spatialDenoiserRadius":[10,10,15,20,20,20],"smallNoiseCoeffs":[0.6000000238418579,0.6000000238418579,0.6000000238418579,0.6000000238418579,0.6000000238418579,0.6000000238418579],"denoiseStrengthUvs":[2,2,2,2,2,2,1.7000000476837158,1.7000000476837158,1.7000000476837158,1.7000000476837158,1.7000000476837158,1.7000000476837158,1.2999999523162842,1.2999999523162842,1.2999999523162842,1.2999999523162842,1.2999999523162842,1.2999999523162842,1,1,1,1,1,1],"spatialDenoiserWindowSizes":[3,3,3,3,3,3],"alignmentType":4,"isoThresholds":[400,800,1600,3200,4000,6400],"spatialDenoiserStrengthUvs":[0.05000000074505806,0.05000000074505806,0.07000000029802322,0.10000000149011612,0.10000000149011612,0.10000000149011612],"spatialDenoiserStrengthYs":[0.0010000000474974513,0.0010000000474974513,0.0010000000474974513,0.0010000000474974513,0.0010000000474974513,0.0010000000474974513],"spatialDenoiserEnabled":true,"motionThresholds":[0.5,2,5],"noiseProfileMode":0},"AutoEnhanceParameters":{"isoThresholds":[800,1600,3200,7100],"SingleImage":{"highPoint":-1,"shadowsGain":1,"highlightsGain":-1,"strength":4,"sharpeningGain":0,"lowPoint":-1,"clarityGain":0,"gtCurveType":3,"gtCurveGain":1.149999976158142,"gtCurveControlPoint0":[0.4300000071525574,0.44999998807907104]},"Lls":{"highPoint":-1,"shadowsGain":1.399999976158142,"highlightsGain":-1,"strength":4,"sharpeningGain":0,"lowPoint":-1,"clarityGain":0,"gtCurveType":0,"gtCurveGain":1.149999976158142,"gtCurveControlPoint0":[0.4000000059604645,0.44999998807907104]},"maxGlobalGains":[1.2000000476837158,1.149999976158142,1.100000023841858,1],"RawAiDenoise":{"highPoint":-1,"shadowsGain":1,"highlightsGain":-1,"strength":4,"sharpeningGain":-1,"lowPoint":-1,"clarityGain":-1,"gtCurveType":3,"gtCurveGain":1.149999976158142,"gtCurveControlPoint0":[0.3799999952316284,0.44999998807907104]},"Hdr":{"highPoint":-1,"shadowsGain":1,"highlightsGain":-1,"strength":4,"sharpeningGain":0,"lowPoint":-1,"clarityGain":0,"gtCurveType":3,"gtCurveGain":1.149999976158142,"gtCurveControlPoint0":[0.4000000059604645,0.44999998807907104]}}}}